Fecha,Temperatura (°C),Viento (km/h)
2026-05-14 00:00:00,17.8,3.1
2026-05-14 01:00:00,17.0,2.2
2026-05-14 02:00:00,16.4,1.8
2026-05-14 03:00:00,15.8,2.8
2026-05-14 04:00:00,15.4,2.6
2026-05-14 05:00:00,15.1,2.9
2026-05-14 06:00:00,15.6,2.9
2026-05-14 07:00:00,17.5,2.9
2026-05-14 08:00:00,20.1,4.1
2026-05-14 09:00:00,23.0,6.2
2026-05-14 10:00:00,24.8,10.8
2026-05-14 11:00:00,26.0,10.2
2026-05-14 12:00:00,26.0,3.3
2026-05-14 13:00:00,27.0,4.3
2026-05-14 14:00:00,27.6,9.2
2026-05-14 15:00:00,26.9,21.1
2026-05-14 16:00:00,26.1,21.1
2026-05-14 17:00:00,25.0,21.5
2026-05-14 18:00:00,23.4,20.2
2026-05-14 19:00:00,22.3,14.5
2026-05-14 20:00:00,21.7,6.9
2026-05-14 21:00:00,21.1,0.5
2026-05-14 22:00:00,19.6,1.1
2026-05-14 23:00:00,18.9,2.5
2026-05-15 00:00:00,18.8,2.4
2026-05-15 01:00:00,18.3,3.0
2026-05-15 02:00:00,17.9,3.8
2026-05-15 03:00:00,17.5,4.0
2026-05-15 04:00:00,17.1,3.3
2026-05-15 05:00:00,16.5,3.3
2026-05-15 06:00:00,16.8,2.9
2026-05-15 07:00:00,18.7,2.3
2026-05-15 08:00:00,21.4,5.6
2026-05-15 09:00:00,22.6,12.8
2026-05-15 10:00:00,23.6,14.8
2026-05-15 11:00:00,23.9,17.6
2026-05-15 12:00:00,24.6,18.1
2026-05-15 13:00:00,23.7,24.2
2026-05-15 14:00:00,23.8,20.1
2026-05-15 15:00:00,22.0,22.7
2026-05-15 16:00:00,21.6,18.3
2026-05-15 17:00:00,20.8,17.9
2026-05-15 18:00:00,20.3,10.0
2026-05-15 19:00:00,19.7,3.6
2026-05-15 20:00:00,17.9,4.0
2026-05-15 21:00:00,16.0,4.2
2026-05-15 22:00:00,15.7,4.3
2026-05-15 23:00:00,15.0,3.9
2026-05-16 00:00:00,14.5,2.5
2026-05-16 01:00:00,13.8,2.8
2026-05-16 02:00:00,13.1,1.3
2026-05-16 03:00:00,12.3,1.0
2026-05-16 04:00:00,11.5,2.2
2026-05-16 05:00:00,10.9,2.4
2026-05-16 06:00:00,11.4,2.5
2026-05-16 07:00:00,14.3,3.8
2026-05-16 08:00:00,17.1,7.2
2026-05-16 09:00:00,19.1,9.0
2026-05-16 10:00:00,20.9,9.4
2026-05-16 11:00:00,22.5,9.6
2026-05-16 12:00:00,23.7,10.2
2026-05-16 13:00:00,24.7,10.3
2026-05-16 14:00:00,25.3,10.5
2026-05-16 15:00:00,25.6,8.5
2026-05-16 16:00:00,25.5,9.9
2026-05-16 17:00:00,23.0,12.0
2026-05-16 18:00:00,20.8,21.3
2026-05-16 19:00:00,19.2,12.1
2026-05-16 20:00:00,18.0,7.8
2026-05-16 21:00:00,17.2,4.6
2026-05-16 22:00:00,16.4,3.9
2026-05-16 23:00:00,15.3,2.8
2026-05-17 00:00:00,14.6,1.8
2026-05-17 01:00:00,14.2,2.6
2026-05-17 02:00:00,13.8,2.3
2026-05-17 03:00:00,13.3,1.5
2026-05-17 04:00:00,13.1,0.5
2026-05-17 05:00:00,12.9,1.6
2026-05-17 06:00:00,13.2,2.3
2026-05-17 07:00:00,15.3,1.3
2026-05-17 08:00:00,17.5,1.0
2026-05-17 09:00:00,20.0,1.1
2026-05-17 10:00:00,22.3,3.1
2026-05-17 11:00:00,24.0,6.3
2026-05-17 12:00:00,24.8,11.8
2026-05-17 13:00:00,24.7,14.6
2026-05-17 14:00:00,25.1,12.4
2026-05-17 15:00:00,24.6,14.8
2026-05-17 16:00:00,23.9,14.8
2026-05-17 17:00:00,23.2,14.5
2026-05-17 18:00:00,22.2,11.2
2026-05-17 19:00:00,21.2,8.4
2026-05-17 20:00:00,20.2,5.1
2026-05-17 21:00:00,19.3,3.7
2026-05-17 22:00:00,18.6,2.9
2026-05-17 23:00:00,17.9,2.2
2026-05-18 00:00:00,17.3,1.6
2026-05-18 01:00:00,16.8,1.1
2026-05-18 02:00:00,16.4,1.1
2026-05-18 03:00:00,16.1,0.8
2026-05-18 04:00:00,15.7,0.4
2026-05-18 05:00:00,15.3,0.7
2026-05-18 06:00:00,15.6,1.1
2026-05-18 07:00:00,16.8,1.3
2026-05-18 08:00:00,18.7,2.2
2026-05-18 09:00:00,20.5,2.5
2026-05-18 10:00:00,22.3,1.6
2026-05-18 11:00:00,24.0,1.4
2026-05-18 12:00:00,25.3,3.1
2026-05-18 13:00:00,26.0,5.4
2026-05-18 14:00:00,26.2,8.7
2026-05-18 15:00:00,26.1,11.3
2026-05-18 16:00:00,25.6,13.3
2026-05-18 17:00:00,24.8,14.4
2026-05-18 18:00:00,23.8,14.2
2026-05-18 19:00:00,22.7,10.4
2026-05-18 20:00:00,21.4,5.1
2026-05-18 21:00:00,20.2,3.3
2026-05-18 22:00:00,18.8,3.2
2026-05-18 23:00:00,17.4,2.1
2026-05-19 00:00:00,16.2,1.1
2026-05-19 01:00:00,15.5,0.4
2026-05-19 02:00:00,15.1,0.8
2026-05-19 03:00:00,14.8,1.4
2026-05-19 04:00:00,14.5,1.5
2026-05-19 05:00:00,14.3,1.5
2026-05-19 06:00:00,15.0,1.8
2026-05-19 07:00:00,17.1,2.1
2026-05-19 08:00:00,20.0,3.3
2026-05-19 09:00:00,22.8,3.3
2026-05-19 10:00:00,25.4,1.7
2026-05-19 11:00:00,27.7,2.8
2026-05-19 12:00:00,29.2,5.7
2026-05-19 13:00:00,29.7,9.7
2026-05-19 14:00:00,29.5,13.9
2026-05-19 15:00:00,29.0,16.8
2026-05-19 16:00:00,28.4,16.8
2026-05-19 17:00:00,27.6,15.5
2026-05-19 18:00:00,26.5,13.7
2026-05-19 19:00:00,24.9,10.8
2026-05-19 20:00:00,23.0,6.9
2026-05-19 21:00:00,21.3,4.3
2026-05-19 22:00:00,19.9,3.3
2026-05-19 23:00:00,18.7,3.1
2026-05-20 00:00:00,17.7,2.5
2026-05-20 01:00:00,17.3,0.8
2026-05-20 02:00:00,17.2,2.2
2026-05-20 03:00:00,17.0,4.0
2026-05-20 04:00:00,16.1,4.4
2026-05-20 05:00:00,15.0,3.8
2026-05-20 06:00:00,15.1,2.6
2026-05-20 07:00:00,17.2,1.1
2026-05-20 08:00:00,20.5,1.6
2026-05-20 09:00:00,23.5,3.4
2026-05-20 10:00:00,26.0,5.8
2026-05-20 11:00:00,28.3,9.6
2026-05-20 12:00:00,29.9,13.2
2026-05-20 13:00:00,30.5,15.8
2026-05-20 14:00:00,30.3,17.7
2026-05-20 15:00:00,29.7,18.0
2026-05-20 16:00:00,29.0,16.6
2026-05-20 17:00:00,27.9,13.4
2026-05-20 18:00:00,26.5,10.5
2026-05-20 19:00:00,24.6,7.8
2026-05-20 20:00:00,22.4,4.7
2026-05-20 21:00:00,20.5,2.2
2026-05-20 22:00:00,19.3,0.4
2026-05-20 23:00:00,18.5,1.8
